seq,unit_id,file,name,lineno,stratum,truth,defect_type,rule,note,annotator,date
1,argparse.py::_ActionsContainer._add_action:1529,argparse.py,_ActionsContainer._add_action,1529,random,0,,R0:所示证据内契约完整且无失效机理,三件事(冲突检查/入列/按 option_strings 建索引 + 负值选项标记)与调用方期望一致；_has_negative_number_optionals 用 append(True) 且有 if-not 守卫，无失效路径。,"L4-control:Otto(single-rater,no-kappa)",2026-10-10
2,ast.py::_Unparser.escape_char:1209,ast.py,_Unparser.escape_char,1209,random,0,,R0:所示证据内契约完整且无失效机理,\n\t 仅在 escape_special_whitespace=False 时原样返回；反斜杠与非可打印走 unicode_escape；引号由 _str_literal_helper 另处理，分工明确。,"L4-control:Otto(single-rater,no-kappa)",2026-10-10
3,codeop.py::_maybe_compile:50,codeop.py,_maybe_compile,50,confluence,0,,R0:所示证据内契约完整且无失效机理,纯空/注释源替换为 pass(eval 除外)；SyntaxError→补\n 探测→_IncompleteInputError/SyntaxError 分层返回或下坠；分支完备。,"L4-control:Otto(single-rater,no-kappa)",2026-10-10
4,compileall.py::compile_file:132,compileall.py,compile_file,132,random,1,boundary,R1:可指出具体行+失效机理,"compileall.py:245 `for index, opt_level in enumerate(optimize)` 在 optimize=[] 时零次执行，L277 `if ok == 0` 引用未绑定的 ok → UnboundLocalError。触发条件：force=True 且 optimize=[]（非 force 路径被 L238 for/else 的 return success 掩盖）。【实测】compile_file(p, quiet=2, force=True, optimize=[]) → UnboundLocalError: cannot access local variable 'ok'；对照 force=True + optimize=[0] / -1 与 force=False + optimize=[] 均正常返回 True。","L4-control:Otto(single-rater,no-kappa)",2026-10-10
5,dataclasses.py::_update_func_cell_for__class__:1222,dataclasses.py,_update_func_cell_for__class__,1222,confluence,0,,R0:所示证据内契约完整且无失效机理,先查 __code__.co_freevars 索引，再处理空 cell(ValueError)，最后用 `contents is oldcls` 防止跨类误改；顺序正确。,"L4-control:Otto(single-rater,no-kappa)",2026-10-10
6,enum.py::Enum.__new__:1158,enum.py,Enum.__new__,1158,anchor,0,,R0:所示证据内契约完整且无失效机理,KeyError(可哈希未命中)/TypeError(不可哈希→长搜索)双分支与注释一致；_missing_ 的异常链与 Flag EJECT 分支均有守卫；finally 清 exc/ve_exc 断引用环。,"L4-control:Otto(single-rater,no-kappa)",2026-10-10
7,fileinput.py::isstdin:162,fileinput.py,isstdin,162,random,0,,R0:所示证据内契约完整且无失效机理,契约(有活动 input 才可读)由 RuntimeError 显式表达，无分支可偏。,"L4-control:Otto(single-rater,no-kappa)",2026-10-10
8,functools.py::partial.__setstate__:330,functools.py,partial.__setstate__,330,random,0,,R0:所示证据内契约完整且无失效机理,4 元组长度 + func/args/kwds/namespace 类型校验齐全；kwds=None→{} 与 dict 子类→dict() 两条归一化路径完备。,"L4-control:Otto(single-rater,no-kappa)",2026-10-10
9,functools.py::is_related:767,functools.py,is_related,767,zero_cover,0,,R0:所示证据内契约完整且无失效机理,闭包变量 bases/cls 与四项条件的合取语义(_compose_mro 的 MRO 候选判定)一致。,"L4-control:Otto(single-rater,no-kappa)",2026-10-10
10,glob.py::_Globber.compile:394,glob.py,_Globber.compile,394,confluence,None,,"N-SHIM:纯转发/壳单元,无可判内容","单行 `return _compile_pattern(pat, self.sep, self.case_sensitive, self.recursive)`，无自有逻辑；缺陷(若有)在被转发方。","L4-control:Otto(single-rater,no-kappa)",2026-10-10
11,gzip.py::GzipFile.seek:423,gzip.py,GzipFile.seek,423,zero_cover,None,,N-INV:依赖未记录不变量,"READ 分支 `return self._buffer.seek(offset, whence)` 的语义取决于 _buffer 是否实现 gzip 流定位、以及它是否同步 self.offset。同文件的 rewind() 显式重置 offset(见调用者列表)暗示 buffer.seek 不同步 offset → seek 后 tell() 可能返回陈旧值，但该不变量不在所示源码内，无法确认亦无法否定。","L4-control:Otto(single-rater,no-kappa)",2026-10-10
12,imaplib.py::IMAP4.uid:888,imaplib.py,IMAP4.uid,888,random,0,,R0:所示证据内契约完整且无失效机理,command 大写化→白名单校验→状态校验→_simple_command→按命令类型选 untagged 解析名；与 IMAP UID 语义一致。,"L4-control:Otto(single-rater,no-kappa)",2026-10-10
13,inspect.py::getfile:923,inspect.py,getfile,923,confluence,0,,R0:所示证据内契约完整且无失效机理,module/class/method/function/traceback/frame/code 六路收敛，未命中抛 TypeError 且信息含实际类型。,"L4-control:Otto(single-rater,no-kappa)",2026-10-10
14,inspect.py::getfullargspec:1340,inspect.py,getfullargspec,1340,confluence,0,,R0:所示证据内契约完整且无失效机理,[补全整段后判] POSITIONAL_ONLY 并入 args 后再返回，与文档串的七元组一致；defaults 按参数序累积即尾随默认值；空 defaults/kwdefaults 归 None 属显式兼容约定。,"L4-control:Otto(single-rater,no-kappa)",2026-10-10
15,ipaddress.py::IPv4Address.is_unspecified:1389,ipaddress.py,IPv4Address.is_unspecified,1389,random,0,,R0:所示证据内契约完整且无失效机理,与 _unspecified_address 常量比较，语义与文档串(RFC 5735)一致。,"L4-control:Otto(single-rater,no-kappa)",2026-10-10
16,locale.py::normalize:381,locale.py,normalize,381,confluence,0,,R0:所示证据内契约完整且无失效机理,"[补全整段后判] 四级回退查找(全名→去 modifier→去 encoding→两者皆去)分支完备；L447 `code, modifier = code.split(""@"",1)` 虽改写 modifier 但紧随 return，第四级不可达，无实际影响。","L4-control:Otto(single-rater,no-kappa)",2026-10-10
17,modulefinder.py::ModuleFinder.import_hook:167,modulefinder.py,ModuleFinder.import_hook,167,random,None,,N-CTX:调用方语义未扫描,fromlist 非空时返回 None、为空时返回 q 的返回契约由调用方 _safe_import_hook/scan_code 决定；且 load_tail 是否可能返回 None(使 `if m.__path__` 触发 AttributeError)在所示源码内不可确认。,"L4-control:Otto(single-rater,no-kappa)",2026-10-10
18,netrc.py::netrc._parse:93,netrc.py,netrc._parse,93,zero_cover,0,,R0:所示证据内契约完整且无失效机理,[补全整段后判] toplevel 关键字四分支 + 注释跳过 + macdef 空行终止 + follower token 白名单；坏 token 均抛 NetrcParseError；末尾 _security_check 顺序正确。,"L4-control:Otto(single-rater,no-kappa)",2026-10-10
19,os.py::spawnl:961,os.py,spawnl,961,anchor,None,,"N-SHIM:纯转发/壳单元,无可判内容","`return spawnv(mode, file, args)` 纯转发，*args→args 的打包是唯一动作；语义全在 spawnv。","L4-control:Otto(single-rater,no-kappa)",2026-10-10
20,pickle.py::_Unpickler.load_binbytes:1387,pickle.py,_Unpickler.load_binbytes,1387,random,0,,R0:所示证据内契约完整且无失效机理,4 字节长度 + maxsize 上界校验 + read(len)，与 BINBYTES 操作码语义一致。,"L4-control:Otto(single-rater,no-kappa)",2026-10-10
21,pickle.py::_Unpickler.find_class:1608,pickle.py,_Unpickler.find_class,1608,anchor,0,,R0:所示证据内契约完整且无失效机理,锚点 import_pickle 命中不作为证据(纪律①)。审计钩子 + _compat_pickle 双映射 + proto>=4 的 _getattribute 分支均符合 pickle 自述的不信任输入契约，非偏离。,"L4-control:Otto(single-rater,no-kappa)",2026-10-10
22,pickletools.py::genops:2300,pickletools.py,genops,2300,anchor,None,,"N-SHIM:纯转发/壳单元,无可判内容",`return _genops(pickle)` 纯转发；文档串描述的是被转发方的行为。,"L4-control:Otto(single-rater,no-kappa)",2026-10-10
23,pickletools.py::OpcodeInfo.__init__:1124,pickletools.py,OpcodeInfo.__init__,1124,anchor,0,,R0:所示证据内契约完整且无失效机理,全为构造期 assert(OpcodeInfo 表初始化校验)，无运行期分支可偏；-O 下断言失效属设计约定非契约偏离。,"L4-control:Otto(single-rater,no-kappa)",2026-10-10
24,pstats.py::ProfileBrowser.do_callers:677,pstats.py,ProfileBrowser.do_callers,677,zero_cover,None,,"N-SHIM:纯转发/壳单元,无可判内容","`return self.generic(""print_callers"", line)` 纯转发。","L4-control:Otto(single-rater,no-kappa)",2026-10-10
25,pyclbr.py::_ModuleBrowser.visit_ImportFrom:248,pyclbr.py,_ModuleBrowser.visit_ImportFrom,248,random,0,,R0:所示证据内契约完整且无失效机理,level 拼接 + ImportError/SyntaxError 静默跳过 + `*` 展开跳过下划线；与 pyclbr 的尽力而为语义一致。,"L4-control:Otto(single-rater,no-kappa)",2026-10-10
26,pydoc.py::TextRepr.repr_instance:1259,pydoc.py,TextRepr.repr_instance,1259,zero_cover,0,,R0:所示证据内契约完整且无失效机理,"裸 except 是 pydoc 对任意 repr 失败的刻意兜底(对应""异常处理意图"")，且降级串只用 __class__.__name__；属设计取舍非契约偏离。","L4-control:Otto(single-rater,no-kappa)",2026-10-10
27,shutil.py::_rmtree_unsafe:608,shutil.py,_rmtree_unsafe,608,confluence,0,,R0:所示证据内契约完整且无失效机理,topdown=False 的 walk + onerror 过滤 FileNotFoundError + 逐项 rmdir/unlink + 末了 rmdir(path)；FileNotFoundError 视为已删除，语义自洽。,"L4-control:Otto(single-rater,no-kappa)",2026-10-10
28,socketserver.py::TCPServer.get_request:505,socketserver.py,TCPServer.get_request,505,random,None,,"N-SHIM:纯转发/壳单元,无可判内容","`return self.socket.accept()` 纯转发；文档串明示 ""May be overridden""，无可判内容。","L4-control:Otto(single-rater,no-kappa)",2026-10-10
29,socketserver.py::_SocketWriter.writable:841,socketserver.py,_SocketWriter.writable,841,zero_cover,0,,R0:所示证据内契约完整且无失效机理,常量谓词，与 _SocketWriter 只写不读的定位一致。,"L4-control:Otto(single-rater,no-kappa)",2026-10-10
30,subprocess.py::check_output:423,subprocess.py,check_output,423,anchor,0,,R0:所示证据内契约完整且无失效机理,stdout/check 两个被覆写参数显式拒绝；input=None 的历史等价(空串/空字节)按 text 模式分派后交 run()。,"L4-control:Otto(single-rater,no-kappa)",2026-10-10
31,tarfile.py::TarInfo._proc_gnusparse_01:1613,tarfile.py,TarInfo._proc_gnusparse_01,1613,zero_cover,0,,R0:所示证据内契约完整且无失效机理,"sparse map 按 (offset,size) 成对 zip，与 GNU 0.1 格式一致；奇数项为畸形输入，无自述契约覆盖。","L4-control:Otto(single-rater,no-kappa)",2026-10-10
32,tarfile.py::TarFile.makelink_with_filter:2677,tarfile.py,TarFile.makelink_with_filter,2677,zero_cover,0,,R0:所示证据内契约完整且无失效机理,先尝试建链(sym/hard)→失败转 _find_link_target→KeyError 按是否曾失败升级为 ExtractError→过滤→回退递归；filtered=None 即跳过属 filter 语义。,"L4-control:Otto(single-rater,no-kappa)",2026-10-10
33,tokenize.py::main:502,tokenize.py,main,502,random,0,,R0:所示证据内契约完整且无失效机理,[补全整段后判] 异常分层顺序正确(IndentationError→TokenError→SyntaxError→OSError→KeyboardInterrupt→Exception)，子类在前；error() 内 sys.exit 抛 SystemExit 不会被 except Exception 吞。,"L4-control:Otto(single-rater,no-kappa)",2026-10-10
34,typing.py::_compare_args_orderless:368,typing.py,_compare_args_orderless,368,random,0,,R0:所示证据内契约完整且无失效机理,去重后做多重集互消(t.remove)，ValueError 即不等；`return not t` 与无序相等语义一致。,"L4-control:Otto(single-rater,no-kappa)",2026-10-10
35,uuid.py::_is_universal:409,uuid.py,_is_universal,409,zero_cover,0,,R0:所示证据内契约完整且无失效机理,1<<41 正确：MAC 首字节位于 48 位整数高 8 位，octet bit k → 整数位 40+k；U/L 位是首字节 bit1 → 位 41。,"L4-control:Otto(single-rater,no-kappa)",2026-10-10
36,weakref.py::WeakValueDictionary.popitem:252,weakref.py,WeakValueDictionary.popitem,252,random,0,,R0:所示证据内契约完整且无失效机理,先 commit 待删再 popitem 循环跳过已死引用；dict 为空时抛 KeyError 与 popitem 契约一致。,"L4-control:Otto(single-rater,no-kappa)",2026-10-10
37,webbrowser.py::register_standard_browsers:491,webbrowser.py,register_standard_browsers,491,anchor,0,,R0:所示证据内契约完整且无失效机理,[补全整段后判] 平台分支 + xdg-settings 探测(含 decode 在 try 内) + 控制台浏览器 + BROWSER 覆盖；_tryorder 先清空避免重复注册。,"L4-control:Otto(single-rater,no-kappa)",2026-10-10
38,webbrowser.py::GenericBrowser.open:188,webbrowser.py,GenericBrowser.open,188,anchor,0,,R0:所示证据内契约完整且无失效机理,audit→_check_url→%s 替换→Popen(win/非 win 的 close_fds 差异)→`not p.wait()`；OSError 降级 False，与 webbrowser 尽力而为语义一致。,"L4-control:Otto(single-rater,no-kappa)",2026-10-10
39,webbrowser.py::Konqueror.open:369,webbrowser.py,Konqueror.open,369,anchor,0,,R0:所示证据内契约完整且无失效机理,"kfmclient→konqueror→kfm 三级回退，每级 OSError 下坠，末级返回 False；poll() is None 判定""仍在运行""与注释一致。","L4-control:Otto(single-rater,no-kappa)",2026-10-10
40,_aix_support.py::_aix_bos_rte:42,_aix_support.py,_aix_bos_rte,42,anchor,0,,R0:所示证据内契约完整且无失效机理,out[2]/out[-1] 的取值依赖 lslpp -Lqc 输出；AIX 上 bos.rte 必装，空输出非可信输入。无版本门，不适用 N-VER。,"L4-control:Otto(single-rater,no-kappa)",2026-10-10
41,_collections_abc.py::MutableSequence.pop:1167,_collections_abc.py,MutableSequence.pop,1167,random,0,,R0:所示证据内契约完整且无失效机理,取值+删除+返回，索引越界由 __getitem__/__delitem__ 抛 IndexError，与文档串一致。,"L4-control:Otto(single-rater,no-kappa)",2026-10-10
42,_pydatetime.py::time.__le__:1428,_pydatetime.py,time.__le__,1428,zero_cover,0,,R0:所示证据内契约完整且无失效机理,非 time 返回 NotImplemented，交给 Python 反射二元运算，符合富比较契约。,"L4-control:Otto(single-rater,no-kappa)",2026-10-10
43,_pydecimal.py::Decimal.compare:840,_pydecimal.py,Decimal.compare,840,zero_cover,0,,R0:所示证据内契约完整且无失效机理,`self._is_special or other and other._is_special` 的优先级与意图一致；NaN 先经 _check_nans，再 Decimal(_cmp)。,"L4-control:Otto(single-rater,no-kappa)",2026-10-10
44,_pyio.py::TextIOWrapper.errors:2121,_pyio.py,TextIOWrapper.errors,2121,random,0,,R0:所示证据内契约完整且无失效机理,属性读取，暴露自身状态(非转交他者)，语义完整。,"L4-control:Otto(single-rater,no-kappa)",2026-10-10
45,_strptime.py::parse_int:574,_strptime.py,parse_int,574,random,0,,R0:所示证据内契约完整且无失效机理,先查本地化 alt_digits 索引，未命中回退 int(s)；ValueError 上抛由 _strptime 捕获。,"L4-control:Otto(single-rater,no-kappa)",2026-10-10
46,asyncio/base_events.py::_format_pipe:80,asyncio/base_events.py,_format_pipe,80,anchor,0,,R0:所示证据内契约完整且无失效机理,PIPE/STDOUT 两个哨兵值与 repr 回退，仅用于日志格式化。,"L4-control:Otto(single-rater,no-kappa)",2026-10-10
47,asyncio/base_events.py::BaseEventLoop._log_subprocess:1736,asyncio/base_events.py,BaseEventLoop._log_subprocess,1736,anchor,0,,R0:所示证据内契约完整且无失效机理,stdout 与 stderr 同指 STDOUT 时合并为一项输出，其余各自成项；条件互斥且穷尽。,"L4-control:Otto(single-rater,no-kappa)",2026-10-10
48,asyncio/events.py::AbstractEventLoop.subprocess_exec:542,asyncio/events.py,AbstractEventLoop.subprocess_exec,542,anchor,0,,R0:所示证据内契约完整且无失效机理,抽象方法的 NotImplementedError 即其可见契约。,"L4-control:Otto(single-rater,no-kappa)",2026-10-10
49,asyncio/futures.py::wrap_future:406,asyncio/futures.py,wrap_future,406,zero_cover,0,,R0:所示证据内契约完整且无失效机理,isfuture 直通 + assert 类型 + 取 loop + create_future + _chain_future；顺序与包装语义一致。,"L4-control:Otto(single-rater,no-kappa)",2026-10-10
50,asyncio/locks.py::Lock.__repr__:79,asyncio/locks.py,Lock.__repr__,79,random,0,,R0:所示证据内契约完整且无失效机理,"res[1:-1] 剥掉 object.__repr__ 的尖括号后重新拼装 [locked, waiters:N]；无失效路径。","L4-control:Otto(single-rater,no-kappa)",2026-10-10
51,asyncio/locks.py::BoundedSemaphore.release:462,asyncio/locks.py,BoundedSemaphore.release,462,zero_cover,0,,R0:所示证据内契约完整且无失效机理,`>=` 在自增前拦截(允许 _value 达到 _bound_value 后再 release 报错)，与 BoundedSemaphore 语义一致。,"L4-control:Otto(single-rater,no-kappa)",2026-10-10
52,asyncio/transports.py::SubprocessTransport.get_returncode:207,asyncio/transports.py,SubprocessTransport.get_returncode,207,anchor,0,,R0:所示证据内契约完整且无失效机理,抽象方法桩，契约即 NotImplementedError。,"L4-control:Otto(single-rater,no-kappa)",2026-10-10
53,asyncio/transports.py::SubprocessTransport.kill:241,asyncio/transports.py,SubprocessTransport.kill,241,anchor,0,,R0:所示证据内契约完整且无失效机理,抽象方法桩，契约即 NotImplementedError。,"L4-control:Otto(single-rater,no-kappa)",2026-10-10
54,asyncio/unix_events.py::_UnixSelectorEventLoop._make_subprocess_transport:198,asyncio/unix_events.py,_UnixSelectorEventLoop._make_subprocess_transport,198,anchor,0,,R0:所示证据内契约完整且无失效机理,提前激活检查→建 transport→注册 child handler→await waiter；SystemExit/KeyboardInterrupt 直通，其余 BaseException 先 close 再 _wait 后重抛。,"L4-control:Otto(single-rater,no-kappa)",2026-10-10
55,collections/__init__.py::namedtuple:358,collections/__init__.py,namedtuple,358,anchor,0,,R0:所示证据内契约完整且无失效机理,[补全整段后判] eval 的代码仅由已校验标识符拼接且 __builtins__={}；rename 的 seen 加入原名使重复名仍被替换；defaults 右对齐；_make 长度校验齐全。锚点 sink:eval 命中不作证据。,"L4-control:Otto(single-rater,no-kappa)",2026-10-10
56,ctypes/util.py::_findLib_gcc:114,ctypes/util.py,_findLib_gcc,114,anchor,0,,R0:所示证据内契约完整且无失效机理,"临时文件创建→Popen(-Wl,-t)→读 trace→finally 关闭(吞 FileNotFoundError)→ELF 过滤；OSError 与无编译器均降级 None。","L4-control:Otto(single-rater,no-kappa)",2026-10-10
57,email/contentmanager.py::_encode_base64:136,email/contentmanager.py,_encode_base64,136,confluence,0,,R0:所示证据内契约完整且无失效机理,按 max_line_length//4*3 切分后逐段 b2a_base64 拼接，与 base64 行长语义一致。,"L4-control:Otto(single-rater,no-kappa)",2026-10-10
58,email/feedparser.py::BufferedSubFile.unreadline:97,email/feedparser.py,BufferedSubFile.unreadline,97,zero_cover,0,,R0:所示证据内契约完整且无失效机理,assert 排除 NeedMoreData 哨兵后 appendleft，语义自洽。,"L4-control:Otto(single-rater,no-kappa)",2026-10-10
59,email/feedparser.py::BufferedSubFile.pushlines:123,email/feedparser.py,BufferedSubFile.pushlines,123,zero_cover,0,,R0:所示证据内契约完整且无失效机理,deque.extend，语义自洽。,"L4-control:Otto(single-rater,no-kappa)",2026-10-10
60,email/feedparser.py::FeedParser._new_message:197,email/feedparser.py,FeedParser._new_message,197,zero_cover,0,,R0:所示证据内契约完整且无失效机理,工厂调用按新旧签名分派→multipart/digest 下默认类型→挂到父节点→入栈并置 _cur/_last。,"L4-control:Otto(single-rater,no-kappa)",2026-10-10
61,email/message.py::MIMEPart._add_multipart:1183,email/message.py,MIMEPart._add_multipart,1183,zero_cover,0,,R0:所示证据内契约完整且无失效机理,非目标 multipart 子类型时先 make_* 转换，再建子部件设内容与 disposition 后 attach。,"L4-control:Otto(single-rater,no-kappa)",2026-10-10
62,email/_header_value_parser.py::get_local_part:1486,email/_header_value_parser.py,get_local_part,1486,confluence,0,,R0:所示证据内契约完整且无失效机理,dot-atom→word→TokenList 三级降级；`value[0]` 的两处访问分别由顶部非空检查与 `if value` 守卫覆盖；末尾非 ASCII 记缺陷不抛。,"L4-control:Otto(single-rater,no-kappa)",2026-10-10
63,email/mime/audio.py::rule:68,email/mime/audio.py,rule,68,confluence,0,,R0:所示证据内契约完整且无失效机理,装饰器式注册表：入表并返回原函数，语义自洽。,"L4-control:Otto(single-rater,no-kappa)",2026-10-10
64,email/mime/audio.py::_au:84,email/mime/audio.py,_au,84,confluence,0,,R0:所示证据内契约完整且无失效机理,魔数 .snd 判定，无分支可偏。,"L4-control:Otto(single-rater,no-kappa)",2026-10-10
65,encodings/koi8_r.py::IncrementalEncoder.encode:18,encodings/koi8_r.py,IncrementalEncoder.encode,18,random,0,,R0:所示证据内契约完整且无失效机理,charmap 编码取 [0]，落到 IncrementalEncoder 契约内。,"L4-control:Otto(single-rater,no-kappa)",2026-10-10
66,encodings/utf_16.py::IncrementalEncoder.reset:33,encodings/utf_16.py,IncrementalEncoder.reset,33,random,0,,R0:所示证据内契约完整且无失效机理,先 super().reset() 再置 encoder=None，顺序正确。,"L4-control:Otto(single-rater,no-kappa)",2026-10-10
67,ensurepip/__init__.py::_run_pip:65,ensurepip/__init__.py,_run_pip,65,anchor,0,,R0:所示证据内契约完整且无失效机理,f-string 内插 {additional_paths}/{args} 走 repr 语义，无代码注入面；isolated 下 -I 插在下标 1 位置正确。,"L4-control:Otto(single-rater,no-kappa)",2026-10-10
68,http/client.py::LineTooLong.__init__:1569,http/client.py,LineTooLong.__init__,1569,random,0,,R0:所示证据内契约完整且无失效机理,固定消息 + _MAXLINE/line_type 格式化，语义自洽。,"L4-control:Otto(single-rater,no-kappa)",2026-10-10
69,http/cookies.py::Morsel.__ior__:344,http/cookies.py,Morsel.__ior__,344,zero_cover,0,,R0:所示证据内契约完整且无失效机理,update 后返回 self，符合 __ior__ 契约。,"L4-control:Otto(single-rater,no-kappa)",2026-10-10
70,http/server.py::_url_collapse_path:922,http/server.py,_url_collapse_path,922,confluence,0,,R0:所示证据内契约完整且无失效机理,"先 unquote 再折叠(%2f→""/"" 后才参与 "".."" 折叠)，方向安全；"".."" 过量抛 IndexError 为文档串声明行为，非偏离。","L4-control:Otto(single-rater,no-kappa)",2026-10-10
71,http/server.py::HTTPServer.server_bind:138,http/server.py,HTTPServer.server_bind,138,zero_cover,0,,R0:所示证据内契约完整且无失效机理,调父类 server_bind 后记录 server_name/server_port，顺序正确。,"L4-control:Otto(single-rater,no-kappa)",2026-10-10
72,http/server.py::CGIHTTPRequestHandler.run_cgi:1074,http/server.py,CGIHTTPRequestHandler.run_cgi,1074,anchor,1,logic,R1:可指出具体行+失效机理,"http/server.py:1183 已算 decoded_query = query.replace(""+"","" "")，fork 分支 L1188 用它作 argv；但非 fork(Windows/subprocess)分支 L1227 用的是未解码的 query。同一契约在两条路径上行为不一致：查询串 ""a+b"" 在非 fork 路径传参时不会被还原为空格。【实测】inspect.getsource 核对行号：L109 定义 decoded_query，L114/L115 fork 分支使用，L153 非 fork 分支使用裸 query——该变量在 fork 分支之外的整段中再无引用，属典型遗漏而非设计。","L4-control:Otto(single-rater,no-kappa)",2026-10-10
73,importlib/_bootstrap.py::_install:1546,importlib/_bootstrap.py,_install,1546,confluence,0,,R0:所示证据内契约完整且无失效机理,_setup 后向 meta_path 追加 Builtin/Frozen 两个 importer，bootstrap 一次性语义，无失效路径。,"L4-control:Otto(single-rater,no-kappa)",2026-10-10
74,importlib/resources/readers.py::NamespaceReader._resolve_zip_path:165,importlib/resources/readers.py,NamespaceReader._resolve_zip_path,165,random,None,,N-CTX:调用方语义未扫描,签名缺 self(L165 `def _resolve_zip_path(path_str: str)`)，是否有 @staticmethod 装饰器在所示片段之外；正确性取决于调用方 NamespaceReader._candidate_paths 以类还是实例方式调用，未扫描。,"L4-control:Otto(single-rater,no-kappa)",2026-10-10
75,logging/config.py::_strip_spaces:108,logging/config.py,_strip_spaces,108,confluence,0,,R0:所示证据内契约完整且无失效机理,"map(str.strip, alist)，语义自洽。","L4-control:Otto(single-rater,no-kappa)",2026-10-10
76,logging/handlers.py::SocketHandler.makePickle:649,logging/handlers.py,SocketHandler.makePickle,649,anchor,0,,R0:所示证据内契约完整且无失效机理,"先 format 取 exc_text→复制 __dict__→msg 具象化、args/exc_info 置空、删 message→pickle.dumps(协议 1)+"">L"" 长度前缀，与 SocketHandler 接收端契约一致。","L4-control:Otto(single-rater,no-kappa)",2026-10-10
77,logging/__init__.py::_checkLevel:205,logging/__init__.py,_checkLevel,205,confluence,0,,R0:所示证据内契约完整且无失效机理,int 直通 / str 查表 / 其余 TypeError；`str(level)==level` 是判 str 的惯用法，分支穷尽。,"L4-control:Otto(single-rater,no-kappa)",2026-10-10
78,multiprocessing/connection.py::XmlListener.accept:1019,multiprocessing/connection.py,XmlListener.accept,1019,anchor,0,,R0:所示证据内契约完整且无失效机理,类级调用 Listener.accept(self) 走父类实现，再包 ConnectionWrapper(_xml_dumps/_xml_loads)，语义自洽。,"L4-control:Otto(single-rater,no-kappa)",2026-10-10
79,multiprocessing/pool.py::ApplyResult.wait:764,multiprocessing/pool.py,ApplyResult.wait,764,random,0,,R0:所示证据内契约完整且无失效机理,事件等待直通，timeout 透传。,"L4-control:Otto(single-rater,no-kappa)",2026-10-10
80,multiprocessing/spawn.py::get_preparation_data:160,multiprocessing/spawn.py,get_preparation_data,160,anchor,0,,R0:所示证据内契约完整且无失效机理,sys.path 中空串替换为 ORIGINAL_DIR；init_main_from_name / init_main_from_path 二选一且后者有 win32/WINEXE/WINSERVICE 门；分支自洽。,"L4-control:Otto(single-rater,no-kappa)",2026-10-10
81,multiprocessing/synchronize.py::Condition.__setstate__:231,multiprocessing/synchronize.py,Condition.__setstate__,231,random,0,,R0:所示证据内契约完整且无失效机理,四元解包后置 _make_methods()，与 __getstate__ 对称。,"L4-control:Otto(single-rater,no-kappa)",2026-10-10
82,unittest/case.py::_AssertRaisesBaseContext.handle:214,unittest/case.py,_AssertRaisesBaseContext.handle,214,zero_cover,0,,R0:所示证据内契约完整且无失效机理,先类型校验→无参(上下文管理器)分支只收 msg→有参分支取名后 with self 调用；finally 里 self=None 是 bpo-23890 的断环手法，为注释明示的意图。,"L4-control:Otto(single-rater,no-kappa)",2026-10-10
83,unittest/mock.py::MagicMixin._mock_set_magics:2179,unittest/mock.py,MagicMixin._mock_set_magics,2179,random,None,,N-INV:依赖未记录不变量,"L3026 `setattr(_type, entry, MagicProxy(entry, self))` 把绑定了本实例(self)的代理写到**类**上。是否安全取决于 (a) type(self) 是共享类还是每实例子类、(b) MagicProxy 的 __get__ 是否按 obj 分派而非用 self.parent——两条都不在所示源码内，而 L3022 ""第二次不覆写"" 恰恰依赖该不变量。","L4-control:Otto(single-rater,no-kappa)",2026-10-10
84,unittest/mock.py::MagicProxy.__init__:2253,unittest/mock.py,MagicProxy.__init__,2253,zero_cover,0,,R0:所示证据内契约完整且无失效机理,构造期两次赋值，__set__(若存在)只作用于宿主实例、不经由描述符自身，无自指陷阱。,"L4-control:Otto(single-rater,no-kappa)",2026-10-10
85,unittest/mock.py::_exit_side_effect:2994,unittest/mock.py,_exit_side_effect,2994,zero_cover,0,,R0:所示证据内契约完整且无失效机理,关闭 closure 里的 handle，作为 __exit__ side_effect 语义自洽。,"L4-control:Otto(single-rater,no-kappa)",2026-10-10
86,unittest/mock.py::ThreadingMixin._get_child_mock:3062,unittest/mock.py,ThreadingMixin._get_child_mock,3062,zero_cover,0,,R0:所示证据内契约完整且无失效机理,按 parent/_new_parent 是否为 ThreadingMixin 注入 timeout 后交 super()，分支穷尽。,"L4-control:Otto(single-rater,no-kappa)",2026-10-10
87,unittest/result.py::TestResult._setupStdout:65,unittest/result.py,TestResult._setupStdout,65,random,0,,R0:所示证据内契约完整且无失效机理,buffer 打开时惰性建两个 StringIO 并替换 sys.stdout/stderr；建/换在同一守卫内，无半开状态。,"L4-control:Otto(single-rater,no-kappa)",2026-10-10
88,urllib/parse.py::_NetlocResultMixinStr._hostinfo:206,urllib/parse.py,_NetlocResultMixinStr._hostinfo,206,zero_cover,0,,R0:所示证据内契约完整且无失效机理,"rpartition(""@"") 取 userinfo 后 partition(""["") 分支处理 IPv6/普通 host，port 空→None；三类 netloc 形态覆盖完整。","L4-control:Otto(single-rater,no-kappa)",2026-10-10
89,wsgiref/handlers.py::read_environ:34,wsgiref/handlers.py,read_environ,34,confluence,0,,R0:所示证据内契约完整且无失效机理,surrogateescape 可用性探测→按 SERVER_SOFTWARE 分派(IIS/Apache/simplehttp/其他)+ 非 win32 分支；所有 encode 都带 errors 参数，不会因代理项抛异常。,"L4-control:Otto(single-rater,no-kappa)",2026-10-10
90,xml/dom/expatbuilder.py::_parse_ns_name:114,xml/dom/expatbuilder.py,_parse_ns_name,114,confluence,0,,R0:所示证据内契约完整且无失效机理,assert 前置于 split；3 段(uri/local/prefix)与 2 段(uri/local)分支加 ValueError 兜底，穷尽。,"L4-control:Otto(single-rater,no-kappa)",2026-10-10
91,xml/dom/minidom.py::Node._get_lastChild:78,xml/dom/minidom.py,Node._get_lastChild,78,random,0,,R0:所示证据内契约完整且无失效机理,无子节点时隐式返回 None，与 DOM lastChild 契约一致。,"L4-control:Otto(single-rater,no-kappa)",2026-10-10
92,xml/dom/xmlbuilder.py::DOMBuilder._parse_bytestream:202,xml/dom/xmlbuilder.py,DOMBuilder._parse_bytestream,202,anchor,None,,"N-SHIM:纯转发/壳单元,无可判内容",三行均为装配后转交 builder.parseFile(stream)，无自有逻辑。,"L4-control:Otto(single-rater,no-kappa)",2026-10-10
93,xml/etree/ElementInclude.py::_include:132,xml/etree/ElementInclude.py,_include,132,confluence,0,,R0:所示证据内契约完整且无失效机理,循环内 xml 分支替换节点、text 分支 del+continue(不递增 i)；递归深度与 _parent_hrefs 环检测配套；parse 类型非法显式报错。,"L4-control:Otto(single-rater,no-kappa)",2026-10-10
94,xmlrpc/client.py::Unmarshaller.end_value:782,xmlrpc/client.py,Unmarshaller.end_value,782,random,0,,R0:所示证据内契约完整且无失效机理,_value 标志下退化为字符串，符合 XML-RPC 无类型 value 的容错语义。,"L4-control:Otto(single-rater,no-kappa)",2026-10-10
95,xmlrpc/server.py::SimpleXMLRPCDispatcher.register_introspection_functions:225,xmlrpc/server.py,SimpleXMLRPCDispatcher.register_introspection_functions,225,anchor,0,,R0:所示证据内契约完整且无失效机理,三个 system.* 方法注册进 funcs，语义自洽。,"L4-control:Otto(single-rater,no-kappa)",2026-10-10
96,zipfile/__init__.py::main:2316,zipfile/__init__.py,main,2316,confluence,0,,R0:所示证据内契约完整且无失效机理,"[补全整段后判] 互斥组四选一；-c 分支拒绝非标准编码、pop(0) 取包名、basename 退化处理(curdir/pardir→"""")完备；目录递归 write。","L4-control:Otto(single-rater,no-kappa)",2026-10-10
97,zipfile/_path/glob.py::Translator.restrict_rglob:77,zipfile/_path/glob.py,Translator.restrict_rglob,77,random,0,,R0:所示证据内契约完整且无失效机理,"按分隔符切段后判定 ""**"" 是否独占一段，与文档串的 doctest 一致。","L4-control:Otto(single-rater,no-kappa)",2026-10-10
98,zoneinfo/_tzpath.py::_validate_tzfile_path:92,zoneinfo/_tzpath.py,_validate_tzfile_path,92,confluence,0,,R0:所示证据内契约完整且无失效机理+实测证伪(原拟判 1，见 §7 自纠),"L108-109 的 `resolved.startswith(_base)` 确是无分隔符的纯前缀匹配：当 _base 为真实绝对路径时，key=""..\tzdataX\Etc"" 的 normpath 与原串等长(过掉 L103 长度闸)，join+normpath 得 ""C:\tzdataX\Etc""，仍以 ""C:\tzdata"" 为前缀 → 逃逸不被拦截【实测：ACCEPTED】。但生产路径不可达：唯一调用方 find_tzfile 以 `_validate_tzfile_path(key)` 调用，_base 取默认 _TEST_PATH = normpath(join(""_"",""_""))[:-1] = ""_\""（该常量在 L115 被 del）。此时任何前导 "".."" 会先吃掉 ""_"" 这个锚点，结果不再以 ""_\"" 开头 → 检查 fail-closed【实测：..\tzdataX\Etc / .. / ..\..\Windows 全部 REJECTED，合法 key Etc\GMT ACCEPTED】。故在所示+实测证据内无可达失效机理，判 0；该构造依赖""相对哨兵""而非 os.sep 边界校验，属脆弱实现，登记为观察项而非缺陷。","L4-control:Otto(single-rater,no-kappa)",2026-10-10
99,zoneinfo/_zoneinfo.py::_TZStr._get_trans_info:465,zoneinfo/_zoneinfo.py,_TZStr._get_trans_info,465,random,0,,R0:所示证据内契约完整且无失效机理,fold XOR (dst_diff>=0) 决定收缩 start 还是 end，再按 start<end 与否取区间内外判定 DST；与注释推导一致。,"L4-control:Otto(single-rater,no-kappa)",2026-10-10
100,_pyrepl/unix_console.py::UnixConsole.__move_x_hpa:759,_pyrepl/unix_console.py,UnixConsole.__move_x_hpa,759,zero_cover,0,,R0:所示证据内契约完整且无失效机理,位置相等则跳过写码，幂等且无副作用。,"L4-control:Otto(single-rater,no-kappa)",2026-10-10
