unit_id,file,name,loc,stratum,in_pools,anchor_tags,forman,evidence_hint,truth,defect_type,annotator,date,source_layer
ast.py::_dims_setter:681,ast.py,_dims_setter,2,random,,,,随机层,,,,,L4-arbitration
codecs.py::StreamReaderWriter:712,codecs.py,StreamReaderWriter,3,random,,,,随机层,,,,,L4-arbitration
compileall.py::_walk_dir:25,compileall.py,_walk_dir,22,confluence,,,-365,曲率汇合点 forman=-365,,,,,L4-arbitration
dis.py::_get_code_array:209,dis.py,_get_code_array,22,confluence,,,-364,曲率汇合点 forman=-364,,,,,L4-arbitration
doctest.py::_TestClass:2802,doctest.py,_TestClass,9,zero_cover,,,,零覆盖：不在任何池内，盲区核查,,,,,L4-arbitration
fractions.py::_round_to_figures:103,fractions.py,_round_to_figures,37,random,,,-166,随机层,,,,,L4-arbitration
locale.py::currency:250,locale.py,currency,46,confluence,,,-133,曲率汇合点 forman=-133,,,,,L4-arbitration
locale.py::_getdefaultlocale:552,locale.py,_getdefaultlocale,28,confluence,,,-259,曲率汇合点 forman=-259,,,,,L4-arbitration
operator.py::itruediv:402,operator.py,itruediv,4,random,,,,随机层,,,,,L4-arbitration
os.py::spawnl:961,os.py,spawnl,8,anchor,p_anchor_breadth,import:import_subprocess,,锚点命中 import:import_subprocess,,,,,L4-arbitration
pdb.py::Pdb:565,pdb.py,Pdb,35,random,,,,随机层,,,,,L4-arbitration
pdb.py::Pdb:2277,pdb.py,Pdb,9,random,,,,随机层,,,,,L4-arbitration
pickle.py::_Pickler:511,pickle.py,_Pickler,10,zero_cover,,,,零覆盖：不在任何池内，盲区核查,,,,,L4-arbitration
pickle.py::_Unpickler:1608,pickle.py,_Unpickler,13,anchor,p_anchor_breadth,import:import_pickle,,锚点命中 import:import_pickle,,,,,L4-arbitration
pickletools.py::read_uint8:294,pickletools.py,read_uint8,13,confluence,,,-100,曲率汇合点 forman=-100,,,,,L4-arbitration
pickletools.py::OpcodeInfo:1124,pickletools.py,OpcodeInfo,27,anchor,p_anchor_breadth,import:import_pickle,,锚点命中 import:import_pickle,,,,,L4-arbitration
profile.py::Profile:480,profile.py,Profile,10,zero_cover,,,,零覆盖：不在任何池内，盲区核查,,,,,L4-arbitration
pydoc.py::TextRepr:1235,pydoc.py,TextRepr,5,random,,,,随机层,,,,,L4-arbitration
socketserver.py::_SocketWriter:838,socketserver.py,_SocketWriter,2,random,,,,随机层,,,,,L4-arbitration
subprocess.py::check_output:423,subprocess.py,check_output,51,anchor,p_anchor_breadth,import:import_subprocess,-265,锚点命中 import:import_subprocess,,,,,L4-arbitration
tempfile.py::gettempdir:310,tempfile.py,gettempdir,3,confluence,,,-365,曲率汇合点 forman=-365,,,,,L4-arbitration
threading.py::_MainThread:1353,threading.py,_MainThread,9,random,,,-6,随机层,,,,,L4-arbitration
traceback.py::FrameSummary:292,traceback.py,FrameSummary,25,zero_cover,,,,零覆盖：不在任何池内，盲区核查,,,,,L4-arbitration
webbrowser.py::register_standard_browsers:491,webbrowser.py,register_standard_browsers,87,anchor,p_anchor_breadth|p_hot|p_deep_conf,import:import_subprocess,-372,锚点命中 import:import_subprocess,,,,,L4-arbitration
webbrowser.py::GenericBrowser:188,webbrowser.py,GenericBrowser,13,anchor,p_anchor_breadth,import:import_subprocess,,锚点命中 import:import_subprocess,,,,,L4-arbitration
webbrowser.py::Konqueror:369,webbrowser.py,Konqueror,45,anchor,p_anchor_breadth,import:import_subprocess,-3,锚点命中 import:import_subprocess,,,,,L4-arbitration
_aix_support.py::_aix_bos_rte:42,_aix_support.py,_aix_bos_rte,19,anchor,p_anchor_breadth,import:import_subprocess,-225,锚点命中 import:import_subprocess,,,,,L4-arbitration
_pydatetime.py::timezone:2347,_pydatetime.py,timezone,5,anchor,p_anchor_breadth,import:import_pickle,,锚点命中 import:import_pickle,,,,,L4-arbitration
_pydecimal.py::Overflow:279,_pydecimal.py,Overflow,14,random,,,,随机层,,,,,L4-arbitration
asyncio/base_events.py::BaseEventLoop:1736,asyncio/base_events.py,BaseEventLoop,12,anchor,p_anchor_breadth,import:import_subprocess,,锚点命中 import:import_subprocess,,,,,L4-arbitration
asyncio/events.py::AbstractEventLoop:542,asyncio/events.py,AbstractEventLoop,6,anchor,p_anchor_breadth,import:import_subprocess,,锚点命中 import:import_subprocess,,,,,L4-arbitration
asyncio/events.py::BaseDefaultEventLoopPolicy:731,asyncio/events.py,BaseDefaultEventLoopPolicy,7,zero_cover,,,,零覆盖：不在任何池内，盲区核查,,,,,L4-arbitration
asyncio/mixins.py::_LoopBoundMixin:12,asyncio/mixins.py,_LoopBoundMixin,10,random,,,,随机层,,,,,L4-arbitration
asyncio/selector_events.py::BaseSelectorEventLoop:431,asyncio/selector_events.py,BaseSelectorEventLoop,16,random,,,,随机层,,,,,L4-arbitration
asyncio/selector_events.py::BaseSelectorEventLoop:448,asyncio/selector_events.py,BaseSelectorEventLoop,22,zero_cover,,,,零覆盖：不在任何池内，盲区核查,,,,,L4-arbitration
asyncio/sslproto.py::_SSLProtocolTransport:100,asyncio/sslproto.py,_SSLProtocolTransport,2,zero_cover,,,,零覆盖：不在任何池内，盲区核查,,,,,L4-arbitration
asyncio/transports.py::SubprocessTransport:241,asyncio/transports.py,SubprocessTransport,10,anchor,p_anchor_breadth,import:import_subprocess,,锚点命中 import:import_subprocess,,,,,L4-arbitration
collections/__init__.py::namedtuple:358,collections/__init__.py,namedtuple,173,anchor,p_anchor_breadth|p_hot|p_big1|p_deep_conf,sink:eval|import:import_pickle,-368,"锚点命中 sink:eval,import:import_pickle",,,,,L4-arbitration
ctypes/util.py::test:347,ctypes/util.py,test,39,random,,,-106,随机层,,,,,L4-arbitration
ctypes/util.py::_findLib_gcc:114,ctypes/util.py,_findLib_gcc,48,anchor,p_anchor_breadth,import:import_subprocess,,锚点命中 import:import_subprocess,,,,,L4-arbitration
curses/ascii.py::isctrl:68,curses/ascii.py,isctrl,1,random,,,-13,随机层,,,,,L4-arbitration
email/encoders.py::encode_quopri:36,email/encoders.py,encode_quopri,9,random,,,1,随机层,,,,,L4-arbitration
email/generator.py::Generator:245,email/generator.py,Generator,20,zero_cover,,,,零覆盖：不在任何池内，盲区核查,,,,,L4-arbitration
encodings/hex_codec.py::getregentry:45,encodings/hex_codec.py,getregentry,11,confluence,,,-119,曲率汇合点 forman=-119,,,,,L4-arbitration
encodings/punycode.py::punycode_decode:188,encodings/punycode.py,punycode_decode,23,zero_cover,,,-166,零覆盖：不在任何池内，盲区核查,,,,,L4-arbitration
encodings/utf_8.py::decode:15,encodings/utf_8.py,decode,2,zero_cover,,,,零覆盖：不在任何池内，盲区核查,,,,,L4-arbitration
ensurepip/__init__.py::_run_pip:65,ensurepip/__init__.py,_run_pip,24,anchor,p_anchor_breadth,import:import_subprocess,-19,锚点命中 import:import_subprocess,,,,,L4-arbitration
importlib/_bootstrap_external.py::_unpack_uint16:94,importlib/_bootstrap_external.py,_unpack_uint16,4,confluence,,,-99,曲率汇合点 forman=-99,,,,,L4-arbitration
importlib/_bootstrap_external.py::_compile_bytecode:779,importlib/_bootstrap_external.py,_compile_bytecode,11,anchor,p_anchor_breadth,sink:marshal,-17,锚点命中 sink:marshal,,,,,L4-arbitration
importlib/_bootstrap_external.py::FileLoader:1195,importlib/_bootstrap_external.py,FileLoader,10,random,,,,随机层,,,,,L4-arbitration
logging/handlers.py::SocketHandler:649,logging/handlers.py,SocketHandler,21,anchor,p_anchor_breadth,import:import_pickle,,锚点命中 import:import_pickle,,,,,L4-arbitration
logging/handlers.py::QueueListener:1559,logging/handlers.py,QueueListener,9,random,,,,随机层,,,,,L4-arbitration
logging/__init__.py::Logger:1721,logging/__init__.py,Logger,29,random,,,,随机层,,,,,L4-arbitration
multiprocessing/connection.py::answer_challenge:975,multiprocessing/connection.py,answer_challenge,16,confluence,,,-166,曲率汇合点 forman=-166,,,,,L4-arbitration
multiprocessing/connection.py::_ConnectionBase:258,multiprocessing/connection.py,_ConnectionBase,5,random,,,,随机层,,,,,L4-arbitration
multiprocessing/connection.py::XmlListener:1019,multiprocessing/connection.py,XmlListener,5,anchor,p_anchor_breadth,import:import_xmlrpclib,,锚点命中 import:import_xmlrpclib,,,,,L4-arbitration
multiprocessing/managers.py::IteratorProxy:1052,multiprocessing/managers.py,IteratorProxy,2,zero_cover,,,,零覆盖：不在任何池内，盲区核查,,,,,L4-arbitration
multiprocessing/spawn.py::get_preparation_data:160,multiprocessing/spawn.py,get_preparation_data,45,anchor,p_anchor_breadth,import:import_subprocess,-366,锚点命中 import:import_subprocess,,,,,L4-arbitration
multiprocessing/synchronize.py::Condition:236,multiprocessing/synchronize.py,Condition,2,random,,,,随机层,,,,,L4-arbitration
multiprocessing/util.py::get_temp_dir:211,multiprocessing/util.py,get_temp_dir,14,confluence,,,-260,曲率汇合点 forman=-260,,,,,L4-arbitration
site-packages/pip/_internal/build_env.py::InprocessBuildEnvironmentInstaller:320,site-packages/pip/_internal/build_env.py,InprocessBuildEnvironmentInstaller,51,anchor,p_anchor_breadth,import:import_subprocess,,锚点命中 import:import_subprocess,,,,,L4-arbitration
site-packages/pip/_internal/self_outdated_check.py::_get_current_remote_pip_version:157,site-packages/pip/_internal/self_outdated_check.py,_get_current_remote_pip_version,26,confluence,,,-169,曲率汇合点 forman=-169,,,,,L4-arbitration
site-packages/pip/_internal/cli/cmdoptions.py::editable:575,site-packages/pip/_internal/cli/cmdoptions.py,editable,13,random,,,-13,随机层,,,,,L4-arbitration
site-packages/pip/_internal/index/package_finder.py::PackageFinder:771,site-packages/pip/_internal/index/package_finder.py,PackageFinder,13,zero_cover,,,,零覆盖：不在任何池内，盲区核查,,,,,L4-arbitration
site-packages/pip/_internal/models/link.py::Link:391,site-packages/pip/_internal/models/link.py,Link,9,zero_cover,,,,零覆盖：不在任何池内，盲区核查,,,,,L4-arbitration
site-packages/pip/_internal/req/constructors.py::parse_editable:148,site-packages/pip/_internal/req/constructors.py,parse_editable,32,random,,,-364,随机层,,,,,L4-arbitration
site-packages/pip/_internal/utils/filesystem.py::subdirs_without_files:192,site-packages/pip/_internal/utils/filesystem.py,subdirs_without_files,3,random,,,-4,随机层,,,,,L4-arbitration
site-packages/pip/_internal/utils/misc.py::is_installable_dir:287,site-packages/pip/_internal/utils/misc.py,is_installable_dir,15,confluence,,,-364,曲率汇合点 forman=-364,,,,,L4-arbitration
site-packages/pip/_internal/utils/temp_dir.py::global_tempdir_manager:38,site-packages/pip/_internal/utils/temp_dir.py,global_tempdir_manager,8,random,,,-1,随机层,,,,,L4-arbitration
site-packages/pip/_internal/utils/unpacking.py::untar_file:155,site-packages/pip/_internal/utils/unpacking.py,untar_file,94,confluence,,,-175,曲率汇合点 forman=-175,,,,,L4-arbitration
site-packages/pip/_vendor/cachecontrol/heuristics.py::LastModified:124,site-packages/pip/_vendor/cachecontrol/heuristics.py,LastModified,31,random,,,,随机层,,,,,L4-arbitration
site-packages/pip/_vendor/cachecontrol/_cmd.py::get_session:28,site-packages/pip/_vendor/cachecontrol/_cmd.py,get_session,10,confluence,,,-259,曲率汇合点 forman=-259,,,,,L4-arbitration
site-packages/pip/_vendor/distlib/util.py::get_executable:304,site-packages/pip/_vendor/distlib/util.py,get_executable,16,random,,,-16,随机层,,,,,L4-arbitration
site-packages/pip/_vendor/distro/distro.py::LinuxDistribution:1154,site-packages/pip/_vendor/distro/distro.py,LinuxDistribution,17,anchor,p_anchor_breadth,import:import_subprocess,,锚点命中 import:import_subprocess,,,,,L4-arbitration
site-packages/pip/_vendor/distro/distro.py::LinuxDistribution:1209,site-packages/pip/_vendor/distro/distro.py,LinuxDistribution,8,anchor,p_anchor_breadth,import:import_subprocess,,锚点命中 import:import_subprocess,,,,,L4-arbitration
site-packages/pip/_vendor/packaging/markers.py::_eval_op:216,site-packages/pip/_vendor/packaging/markers.py,_eval_op,15,confluence,,,-258,曲率汇合点 forman=-258,,,,,L4-arbitration
site-packages/pip/_vendor/packaging/pylock.py::__dir__:54,site-packages/pip/_vendor/packaging/pylock.py,__dir__,2,zero_cover,,,,零覆盖：不在任何池内，盲区核查,,,,,L4-arbitration
site-packages/pip/_vendor/packaging/specifiers.py::_UpperBound:208,site-packages/pip/_vendor/packaging/specifiers.py,_UpperBound,4,random,,,,随机层,,,,,L4-arbitration
site-packages/pip/_vendor/packaging/specifiers.py::Specifier:611,site-packages/pip/_vendor/packaging/specifiers.py,Specifier,11,zero_cover,,,,零覆盖：不在任何池内，盲区核查,,,,,L4-arbitration
site-packages/pip/_vendor/pkg_resources/__init__.py::_normalize_cached:2623,site-packages/pip/_vendor/pkg_resources/__init__.py,_normalize_cached,1,confluence,p_hot|p_deep_conf,,-368,曲率汇合点 forman=-368,,,,,L4-arbitration
site-packages/pip/_vendor/pkg_resources/__init__.py::Distribution:3014,site-packages/pip/_vendor/pkg_resources/__init__.py,Distribution,13,zero_cover,,,,零覆盖：不在任何池内，盲区核查,,,,,L4-arbitration
site-packages/pip/_vendor/rich/_win32_console.py::SetConsoleCursorPosition:252,site-packages/pip/_vendor/rich/_win32_console.py,SetConsoleCursorPosition,13,zero_cover,,,,零覆盖：不在任何池内，盲区核查,,,,,L4-arbitration
site-packages/pip/_vendor/tomli/_parser.py::parse_inline_table:538,site-packages/pip/_vendor/tomli/_parser.py,parse_inline_table,32,confluence,,,-126,曲率汇合点 forman=-126,,,,,L4-arbitration
site-packages/pip/_vendor/urllib3/_base_connection.py::BaseHTTPConnection:75,site-packages/pip/_vendor/urllib3/_base_connection.py,BaseHTTPConnection,1,zero_cover,,,,零覆盖：不在任何池内，盲区核查,,,,,L4-arbitration
site-packages/pip/_vendor/urllib3/_base_connection.py::BaseHTTPConnection:95,site-packages/pip/_vendor/urllib3/_base_connection.py,BaseHTTPConnection,1,zero_cover,,,,零覆盖：不在任何池内，盲区核查,,,,,L4-arbitration
site-packages/pip/_vendor/urllib3/_collections.py::HTTPHeaderDictItemView:196,site-packages/pip/_vendor/urllib3/_collections.py,HTTPHeaderDictItemView,6,zero_cover,,,,零覆盖：不在任何池内，盲区核查,,,,,L4-arbitration
site-packages/pip/_vendor/urllib3/http2/connection.py::HTTP2Connection:215,site-packages/pip/_vendor/urllib3/http2/connection.py,HTTP2Connection,10,zero_cover,,,,零覆盖：不在任何池内，盲区核查,,,,,L4-arbitration
site-packages/pip/_vendor/urllib3/util/ssl_.py::create_urllib3_context:225,site-packages/pip/_vendor/urllib3/util/ssl_.py,create_urllib3_context,150,confluence,p_big1,,-261,曲率汇合点 forman=-261,,,,,L4-arbitration
tomllib/_parser.py::Flags:164,tomllib/_parser.py,Flags,7,zero_cover,,,,零覆盖：不在任何池内，盲区核查,,,,,L4-arbitration
unittest/mock.py::seal:3150,unittest/mock.py,seal,22,confluence,,,-255,曲率汇合点 forman=-255,,,,,L4-arbitration
xml/dom/xmlbuilder.py::DOMBuilder:187,xml/dom/xmlbuilder.py,DOMBuilder,9,anchor,p_anchor_breadth,sink:urllib_urlopen,,锚点命中 sink:urllib_urlopen,,,,,L4-arbitration
xml/etree/ElementInclude.py::default_loader:87,xml/etree/ElementInclude.py,default_loader,10,confluence,,,-130,曲率汇合点 forman=-130,,,,,L4-arbitration
xml/etree/ElementPath.py::findall:410,xml/etree/ElementPath.py,findall,2,random,,,-7,随机层,,,,,L4-arbitration
xml/sax/xmlreader.py::IncrementalParser:115,xml/sax/xmlreader.py,IncrementalParser,11,random,,,,随机层,,,,,L4-arbitration
zipfile/__init__.py::ZipFile:1824,zipfile/__init__.py,ZipFile,58,zero_cover,,,,零覆盖：不在任何池内，盲区核查,,,,,L4-arbitration
zoneinfo/_zoneinfo.py::ZoneInfo:112,zoneinfo/_zoneinfo.py,ZoneInfo,2,random,,,,随机层,,,,,L4-arbitration
zoneinfo/_zoneinfo.py::ZoneInfo:212,zoneinfo/_zoneinfo.py,ZoneInfo,6,anchor,p_anchor_breadth,import:import_pickle,,锚点命中 import:import_pickle,,,,,L4-arbitration
_pyrepl/historical_reader.py::HistoricalReader:297,_pyrepl/historical_reader.py,HistoricalReader,7,zero_cover,,,,零覆盖：不在任何池内，盲区核查,,,,,L4-arbitration
_pyrepl/pager.py::pipe_pager:127,_pyrepl/pager.py,pipe_pager,36,anchor,p_anchor_breadth,import:import_subprocess,-168,锚点命中 import:import_subprocess,,,,,L4-arbitration
_pyrepl/reader.py::Reader:625,_pyrepl/reader.py,Reader,4,zero_cover,,,,零覆盖：不在任何池内，盲区核查,,,,,L4-arbitration
