seq,unit_id,file,name,lineno,loc,stratum,in_pools,anchor_tags,forman,evidence_hint,truth,defect_type,annotator,date,source_layer
1,ast.py::_dims_setter:681,ast.py,_dims_setter,681,2,random,,,,随机层（无偏基线）,,,,,L4-reference
2,codecs.py::StreamReaderWriter.readline:712,codecs.py,StreamReaderWriter.readline,712,3,random,,,,随机层（无偏基线）,,,,,L4-reference
3,codeop.py::_maybe_compile:50,codeop.py,_maybe_compile,50,26,confluence,,,-224,曲率汇合点 forman=-224,,,,,L4-reference
4,dataclasses.py::_update_func_cell_for__class__:1222,dataclasses.py,_update_func_cell_for__class__,1222,27,confluence,,,-183,曲率汇合点 forman=-183,,,,,L4-reference
5,enum.py::_is_internal_class:69,enum.py,_is_internal_class,69,8,zero_cover,,,-94,零覆盖：不在任何池内（盲区核查）,,,,,L4-reference
6,fractions.py::_round_to_figures:103,fractions.py,_round_to_figures,103,37,random,,,-171,随机层（无偏基线）,,,,,L4-reference
7,inspect.py::getfile:923,inspect.py,getfile,923,27,confluence,,,-239,曲率汇合点 forman=-239,,,,,L4-reference
8,inspect.py::getfullargspec:1340,inspect.py,getfullargspec,1340,91,confluence,,,-381,曲率汇合点 forman=-381,,,,,L4-reference
9,locale.py::normalize:381,locale.py,normalize,381,82,confluence,p_hot|p_deep_conf,,-393,曲率汇合点 forman=-393,,,,,L4-reference
10,operator.py::ixor:407,operator.py,ixor,407,4,random,,,,随机层（无偏基线）,,,,,L4-reference
11,os.py::spawnl:961,os.py,spawnl,961,8,anchor,p_anchor_breadth,import:import_subprocess,,锚点命中 import:import_subprocess,,,,,L4-reference
12,pdb.py::Pdb._hold_exceptions:602,pdb.py,Pdb._hold_exceptions,602,19,random,,,,随机层（无偏基线）,,,,,L4-reference
13,pdb.py::Pdb._help_message_from_doc:2287,pdb.py,Pdb._help_message_from_doc,2287,21,random,,,,随机层（无偏基线）,,,,,L4-reference
14,pickle.py::_Unframer.load_frame:307,pickle.py,_Unframer.load_frame,307,5,zero_cover,,,,零覆盖：不在任何池内（盲区核查）,,,,,L4-reference
15,pickle.py::_Unpickler.find_class:1608,pickle.py,_Unpickler.find_class,1608,13,anchor,p_anchor_breadth,import:import_pickle,,锚点命中 import:import_pickle,,,,,L4-reference
16,pickletools.py::OpcodeInfo.__init__:1124,pickletools.py,OpcodeInfo.__init__,1124,27,anchor,p_anchor_breadth,import:import_pickle,,锚点命中 import:import_pickle,,,,,L4-reference
17,profile.py::Profile.create_stats:399,profile.py,Profile.create_stats,399,3,zero_cover,,,,零覆盖：不在任何池内（盲区核查）,,,,,L4-reference
18,pydoc.py::TextRepr.__init__:1235,pydoc.py,TextRepr.__init__,1235,5,random,,,,随机层（无偏基线）,,,,,L4-reference
19,shutil.py::_rmtree_unsafe:608,shutil.py,_rmtree_unsafe,608,28,confluence,,,-367,曲率汇合点 forman=-367,,,,,L4-reference
20,socketserver.py::_SocketWriter.writable:841,socketserver.py,_SocketWriter.writable,841,2,random,,,,随机层（无偏基线）,,,,,L4-reference
21,subprocess.py::check_output:423,subprocess.py,check_output,423,51,anchor,p_anchor_breadth,import:import_subprocess,-217,锚点命中 import:import_subprocess,,,,,L4-reference
22,threading.py::_MainThread.__init__:1353,threading.py,_MainThread.__init__,1353,9,random,,,,随机层（无偏基线）,,,,,L4-reference
23,traceback.py::print_stack:230,traceback.py,print_stack,230,10,zero_cover,,,-3,零覆盖：不在任何池内（盲区核查）,,,,,L4-reference
24,webbrowser.py::register_standard_browsers:491,webbrowser.py,register_standard_browsers,491,87,anchor,p_anchor_breadth,import:import_subprocess,-372,锚点命中 import:import_subprocess,,,,,L4-reference
25,webbrowser.py::GenericBrowser.open:188,webbrowser.py,GenericBrowser.open,188,13,anchor,p_anchor_breadth,import:import_subprocess,,锚点命中 import:import_subprocess,,,,,L4-reference
26,webbrowser.py::Konqueror.open:369,webbrowser.py,Konqueror.open,369,45,anchor,p_anchor_breadth,import:import_subprocess,,锚点命中 import:import_subprocess,,,,,L4-reference
27,_aix_support.py::_aix_bos_rte:42,_aix_support.py,_aix_bos_rte,42,19,anchor,p_anchor_breadth,import:import_subprocess,-226,锚点命中 import:import_subprocess,,,,,L4-reference
28,_pydatetime.py::timezone.__getinitargs__:2347,_pydatetime.py,timezone.__getinitargs__,2347,5,anchor,p_anchor_breadth,import:import_pickle,,锚点命中 import:import_pickle,,,,,L4-reference
29,_pydecimal.py::Overflow.handle:279,_pydecimal.py,Overflow.handle,279,14,random,,,,随机层（无偏基线）,,,,,L4-reference
30,asyncio/base_events.py::BaseEventLoop._log_subprocess:1736,asyncio/base_events.py,BaseEventLoop._log_subprocess,1736,12,anchor,p_anchor_breadth,import:import_subprocess,,锚点命中 import:import_subprocess,,,,,L4-reference
31,asyncio/events.py::AbstractEventLoop.subprocess_exec:542,asyncio/events.py,AbstractEventLoop.subprocess_exec,542,6,anchor,p_anchor_breadth,import:import_subprocess,,锚点命中 import:import_subprocess,,,,,L4-reference
32,asyncio/events.py::AbstractEventLoop.set_exception_handler:617,asyncio/events.py,AbstractEventLoop.set_exception_handler,617,2,zero_cover,,,,零覆盖：不在任何池内（盲区核查）,,,,,L4-reference
33,asyncio/mixins.py::_LoopBoundMixin._get_loop:12,asyncio/mixins.py,_LoopBoundMixin._get_loop,12,10,random,,,,随机层（无偏基线）,,,,,L4-reference
34,asyncio/selector_events.py::BaseSelectorEventLoop._add_reader:278,asyncio/selector_events.py,BaseSelectorEventLoop._add_reader,278,14,zero_cover,,,,零覆盖：不在任何池内（盲区核查）,,,,,L4-reference
35,asyncio/selector_events.py::BaseSelectorEventLoop.sock_recvfrom:448,asyncio/selector_events.py,BaseSelectorEventLoop.sock_recvfrom,448,22,random,,,,随机层（无偏基线）,,,,,L4-reference
36,asyncio/selector_events.py::_SelectorSocketTransport._make_empty_waiter:1206,asyncio/selector_events.py,_SelectorSocketTransport._make_empty_waiter,1206,7,zero_cover,,,,零覆盖：不在任何池内（盲区核查）,,,,,L4-reference
37,asyncio/transports.py::SubprocessTransport.kill:241,asyncio/transports.py,SubprocessTransport.kill,241,10,anchor,p_anchor_breadth,import:import_subprocess,,锚点命中 import:import_subprocess,,,,,L4-reference
38,collections/__init__.py::namedtuple:358,collections/__init__.py,namedtuple,358,173,anchor,p_anchor_breadth|p_big1,sink:eval|import:import_pickle,-222,"锚点命中 sink:eval, import:import_pickle",,,,,L4-reference
39,ctypes/util.py::test:347,ctypes/util.py,test,347,39,random,,,-213,随机层（无偏基线）,,,,,L4-reference
40,ctypes/util.py::_findLib_gcc:114,ctypes/util.py,_findLib_gcc,114,48,anchor,p_anchor_breadth,import:import_subprocess,,锚点命中 import:import_subprocess,,,,,L4-reference
41,curses/ascii.py::isctrl:68,curses/ascii.py,isctrl,68,1,random,,,-13,随机层（无偏基线）,,,,,L4-reference
42,email/contentmanager.py::_encode_base64:136,email/contentmanager.py,_encode_base64,136,7,confluence,,,-380,曲率汇合点 forman=-380,,,,,L4-reference
43,email/encoders.py::encode_7or8bit:47,email/encoders.py,encode_7or8bit,47,15,random,,,-82,随机层（无偏基线）,,,,,L4-reference
44,email/generator.py::Generator.__init__:38,email/generator.py,Generator.__init__,38,31,zero_cover,,,,零覆盖：不在任何池内（盲区核查）,,,,,L4-reference
45,email/mime/audio.py::_au:84,email/mime/audio.py,_au,84,5,confluence,,,-209,曲率汇合点 forman=-209,,,,,L4-reference
46,encodings/raw_unicode_escape.py::StreamReader.decode:32,encodings/raw_unicode_escape.py,StreamReader.decode,32,2,zero_cover,,,,零覆盖：不在任何池内（盲区核查）,,,,,L4-reference
47,encodings/utf_8_sig.py::StreamWriter.reset:86,encodings/utf_8_sig.py,StreamWriter.reset,86,6,zero_cover,,,,零覆盖：不在任何池内（盲区核查）,,,,,L4-reference
48,ensurepip/__init__.py::_run_pip:65,ensurepip/__init__.py,_run_pip,65,24,anchor,p_anchor_breadth,import:import_subprocess,-29,锚点命中 import:import_subprocess,,,,,L4-reference
49,http/server.py::_url_collapse_path:922,http/server.py,_url_collapse_path,922,45,confluence,,,-380,曲率汇合点 forman=-380,,,,,L4-reference
50,importlib/_bootstrap.py::_install:1546,importlib/_bootstrap.py,_install,1546,6,confluence,,,-377,曲率汇合点 forman=-377,,,,,L4-reference
51,importlib/_bootstrap_external.py::_compile_bytecode:779,importlib/_bootstrap_external.py,_compile_bytecode,779,11,anchor,p_anchor_breadth,sink:marshal,-19,锚点命中 sink:marshal,,,,,L4-reference
52,importlib/_bootstrap_external.py::FileLoader.get_data:1211,importlib/_bootstrap_external.py,FileLoader.get_data,1211,8,random,,,,随机层（无偏基线）,,,,,L4-reference
53,logging/config.py::_strip_spaces:108,logging/config.py,_strip_spaces,108,2,confluence,,,-227,曲率汇合点 forman=-227,,,,,L4-reference
54,logging/handlers.py::SocketHandler.makePickle:649,logging/handlers.py,SocketHandler.makePickle,649,21,anchor,p_anchor_breadth,import:import_pickle,,锚点命中 import:import_pickle,,,,,L4-reference
55,logging/handlers.py::QueueListener.enqueue_sentinel:1608,logging/handlers.py,QueueListener.enqueue_sentinel,1608,9,random,,,,随机层（无偏基线）,,,,,L4-reference
56,logging/__init__.py::Logger.getChild:1784,logging/__init__.py,Logger.getChild,1784,18,random,,,,随机层（无偏基线）,,,,,L4-reference
57,multiprocessing/connection.py::_ConnectionBase.__exit__:267,multiprocessing/connection.py,_ConnectionBase.__exit__,267,2,random,,,,随机层（无偏基线）,,,,,L4-reference
58,multiprocessing/connection.py::XmlListener.accept:1019,multiprocessing/connection.py,XmlListener.accept,1019,5,anchor,p_anchor_breadth,import:import_xmlrpclib,,锚点命中 import:import_xmlrpclib,,,,,L4-reference
59,multiprocessing/managers.py::BarrierProxy.abort:1116,multiprocessing/managers.py,BarrierProxy.abort,1116,2,zero_cover,,,,零覆盖：不在任何池内（盲区核查）,,,,,L4-reference
60,multiprocessing/spawn.py::get_preparation_data:160,multiprocessing/spawn.py,get_preparation_data,160,45,anchor,p_anchor_breadth,import:import_subprocess,-370,锚点命中 import:import_subprocess,,,,,L4-reference
61,multiprocessing/synchronize.py::Condition._make_methods:242,multiprocessing/synchronize.py,Condition._make_methods,242,3,random,,,,随机层（无偏基线）,,,,,L4-reference
62,site-packages/pip/_internal/build_env.py::InprocessBuildEnvironmentInstaller.install:320,site-packages/pip/_internal/build_env.py,InprocessBuildEnvironmentInstaller.install,320,51,anchor,p_anchor_breadth,import:import_subprocess,,锚点命中 import:import_subprocess,,,,,L4-reference
63,site-packages/pip/_internal/cli/cmdoptions.py::editable:575,site-packages/pip/_internal/cli/cmdoptions.py,editable,575,13,random,,,,随机层（无偏基线）,,,,,L4-reference
64,site-packages/pip/_internal/index/package_finder.py::LinkEvaluator.get_version_sort_key:283,site-packages/pip/_internal/index/package_finder.py,LinkEvaluator.get_version_sort_key,283,2,zero_cover,,,,零覆盖：不在任何池内（盲区核查）,,,,,L4-reference
65,site-packages/pip/_internal/models/link.py::Link.path:455,site-packages/pip/_internal/models/link.py,Link.path,455,2,zero_cover,,,,零覆盖：不在任何池内（盲区核查）,,,,,L4-reference
66,site-packages/pip/_internal/operations/build/wheel.py::build_wheel_pep517:13,site-packages/pip/_internal/operations/build/wheel.py,build_wheel_pep517,13,26,confluence,,,-371,曲率汇合点 forman=-371,,,,,L4-reference
67,site-packages/pip/_internal/req/constructors.py::parse_editable:148,site-packages/pip/_internal/req/constructors.py,parse_editable,148,32,confluence,,,-366,曲率汇合点 forman=-366,,,,,L4-reference
68,site-packages/pip/_internal/req/constructors.py::deduce_helpful_msg:210,site-packages/pip/_internal/req/constructors.py,deduce_helpful_msg,210,23,random,,,-45,随机层（无偏基线）,,,,,L4-reference
69,site-packages/pip/_internal/req/req_file.py::handle_requirement_line:175,site-packages/pip/_internal/req/req_file.py,handle_requirement_line,175,32,confluence,,,-144,曲率汇合点 forman=-144,,,,,L4-reference
70,site-packages/pip/_internal/utils/glibc.py::glibc_version_string:7,site-packages/pip/_internal/utils/glibc.py,glibc_version_string,7,3,random,,,-1,随机层（无偏基线）,,,,,L4-reference
71,site-packages/pip/_internal/utils/misc.py::is_installable_dir:287,site-packages/pip/_internal/utils/misc.py,is_installable_dir,287,15,confluence,,,-366,曲率汇合点 forman=-366,,,,,L4-reference
72,site-packages/pip/_internal/utils/temp_dir.py::TempDirectoryTypeRegistry.set_delete:54,site-packages/pip/_internal/utils/temp_dir.py,TempDirectoryTypeRegistry.set_delete,54,5,random,,,0,随机层（无偏基线）,,,,,L4-reference
73,site-packages/pip/_vendor/cachecontrol/serialize.py::Serializer.dumps:20,site-packages/pip/_vendor/cachecontrol/serialize.py,Serializer.dumps,20,41,random,,,,随机层（无偏基线）,,,,,L4-reference
74,site-packages/pip/_vendor/distlib/util.py::proceed:322,site-packages/pip/_vendor/distlib/util.py,proceed,322,14,random,,,-100,随机层（无偏基线）,,,,,L4-reference
75,site-packages/pip/_vendor/distro/distro.py::LinuxDistribution._lsb_release_info:1154,site-packages/pip/_vendor/distro/distro.py,LinuxDistribution._lsb_release_info,1154,17,anchor,p_anchor_breadth,import:import_subprocess,,锚点命中 import:import_subprocess,,,,,L4-reference
76,site-packages/pip/_vendor/distro/distro.py::LinuxDistribution._oslevel_info:1209,site-packages/pip/_vendor/distro/distro.py,LinuxDistribution._oslevel_info,1209,8,anchor,p_anchor_breadth,import:import_subprocess,,锚点命中 import:import_subprocess,,,,,L4-reference
77,site-packages/pip/_vendor/idna/core.py::check_bidi:70,site-packages/pip/_vendor/idna/core.py,check_bidi,70,68,confluence,,,-146,曲率汇合点 forman=-146,,,,,L4-reference
78,site-packages/pip/_vendor/packaging/pylock.py::is_valid_pylock_path:73,site-packages/pip/_vendor/packaging/pylock.py,is_valid_pylock_path,73,3,zero_cover,,,-80,零覆盖：不在任何池内（盲区核查）,,,,,L4-reference
79,site-packages/pip/_vendor/packaging/specifiers.py::_UpperBound.__lt__:213,site-packages/pip/_vendor/packaging/specifiers.py,_UpperBound.__lt__,213,12,random,,,,随机层（无偏基线）,,,,,L4-reference
80,site-packages/pip/_vendor/packaging/specifiers.py::Specifier._require_spec_version:623,site-packages/pip/_vendor/packaging/specifiers.py,Specifier._require_spec_version,623,9,zero_cover,,,,零覆盖：不在任何池内（盲区核查）,,,,,L4-reference
81,site-packages/pip/_vendor/pkg_resources/__init__.py::Distribution._dep_map:3029,site-packages/pip/_vendor/pkg_resources/__init__.py,Distribution._dep_map,3029,10,zero_cover,,,,零覆盖：不在任何池内（盲区核查）,,,,,L4-reference
82,site-packages/pip/_vendor/platformdirs/windows.py::get_win_folder_from_env_vars:143,site-packages/pip/_vendor/platformdirs/windows.py,get_win_folder_from_env_vars,143,19,confluence,,,-216,曲率汇合点 forman=-216,,,,,L4-reference
83,site-packages/pip/_vendor/pygments/lexers/__init__.py::guess_lexer:304,site-packages/pip/_vendor/pygments/lexers/__init__.py,guess_lexer,304,37,confluence,,,-222,曲率汇合点 forman=-222,,,,,L4-reference
84,site-packages/pip/_vendor/rich/highlighter.py::_combine_regex:8,site-packages/pip/_vendor/rich/highlighter.py,_combine_regex,8,7,confluence,,,-362,曲率汇合点 forman=-362,,,,,L4-reference
85,site-packages/pip/_vendor/rich/_win32_console.py::SetConsoleCursorPosition:252,site-packages/pip/_vendor/rich/_win32_console.py,SetConsoleCursorPosition,252,13,zero_cover,,,,零覆盖：不在任何池内（盲区核查）,,,,,L4-reference
86,site-packages/pip/_vendor/urllib3/_base_connection.py::BaseHTTPConnection.connect:75,site-packages/pip/_vendor/urllib3/_base_connection.py,BaseHTTPConnection.connect,75,1,zero_cover,,,,零覆盖：不在任何池内（盲区核查）,,,,,L4-reference
87,site-packages/pip/_vendor/urllib3/_base_connection.py::BaseHTTPConnection.close:95,site-packages/pip/_vendor/urllib3/_base_connection.py,BaseHTTPConnection.close,95,1,zero_cover,,,,零覆盖：不在任何池内（盲区核查）,,,,,L4-reference
88,site-packages/pip/_vendor/urllib3/_collections.py::HTTPHeaderDictItemView.__contains__:196,site-packages/pip/_vendor/urllib3/_collections.py,HTTPHeaderDictItemView.__contains__,196,6,zero_cover,,,,零覆盖：不在任何池内（盲区核查）,,,,,L4-reference
89,site-packages/pip/_vendor/urllib3/http2/connection.py::HTTP2Connection.set_tunnel:215,site-packages/pip/_vendor/urllib3/http2/connection.py,HTTP2Connection.set_tunnel,215,10,zero_cover,,,,零覆盖：不在任何池内（盲区核查）,,,,,L4-reference
90,site-packages/pip/_vendor/urllib3/util/connection.py::create_connection:27,site-packages/pip/_vendor/urllib3/util/connection.py,create_connection,27,64,confluence,,,-219,曲率汇合点 forman=-219,,,,,L4-reference
91,tomllib/_parser.py::make_safe_parse_float:685,tomllib/_parser.py,make_safe_parse_float,685,19,zero_cover,,,-12,零覆盖：不在任何池内（盲区核查）,,,,,L4-reference
92,xml/dom/xmlbuilder.py::DOMBuilder.parse:187,xml/dom/xmlbuilder.py,DOMBuilder.parse,187,9,anchor,p_anchor_breadth,sink:urllib_urlopen,,锚点命中 sink:urllib_urlopen,,,,,L4-reference
93,xml/etree/ElementPath.py::findall:410,xml/etree/ElementPath.py,findall,410,2,random,,,-149,随机层（无偏基线）,,,,,L4-reference
94,xml/sax/xmlreader.py::IncrementalParser.parse:115,xml/sax/xmlreader.py,IncrementalParser.parse,115,11,random,,,,随机层（无偏基线）,,,,,L4-reference
95,zipfile/__init__.py::ZipFile.read:1618,zipfile/__init__.py,ZipFile.read,1618,5,zero_cover,,,,零覆盖：不在任何池内（盲区核查）,,,,,L4-reference
96,zoneinfo/_zoneinfo.py::ZoneInfo.dst:112,zoneinfo/_zoneinfo.py,ZoneInfo.dst,112,2,random,,,,随机层（无偏基线）,,,,,L4-reference
97,zoneinfo/_zoneinfo.py::ZoneInfo._file_reduce:212,zoneinfo/_zoneinfo.py,ZoneInfo._file_reduce,212,6,anchor,p_anchor_breadth,import:import_pickle,,锚点命中 import:import_pickle,,,,,L4-reference
98,_pyrepl/historical_reader.py::isearch_end.do:205,_pyrepl/historical_reader.py,isearch_end.do,205,6,zero_cover,,,,零覆盖：不在任何池内（盲区核查）,,,,,L4-reference
99,_pyrepl/pager.py::pipe_pager:127,_pyrepl/pager.py,pipe_pager,127,36,anchor,p_anchor_breadth,import:import_subprocess,-148,锚点命中 import:import_subprocess,,,,,L4-reference
100,_pyrepl/reader.py::Reader.update_cursor:567,_pyrepl/reader.py,Reader.update_cursor,567,4,zero_cover,,,,零覆盖：不在任何池内（盲区核查）,,,,,L4-reference
